[
    {
        "id": 0,
        "display":"Home",
        "icon": "home",
        "route": "/home/"
    },
    {
        "id": 1,
        "display":"News",
        "icon": "newspaper",
        "route": "/news/"
    },
    {
        "id": 2,
        "display":"Web",
        "icon": "globe",
        "route": "/browser/"
    },
    {
        "id": 3,
        "display":"Games",
        "icon": "gamepad",
        "route": "/games/"
    },
    {
        "id": 4,
        "display":"Settings",
        "icon": "sliders",
        "route": "/preferences/"
    }
]